{"Total eBay listing count:":3674,"Total listing count:":7381,"Total eBay listing price:":1850638.0099999937,"Total Amazon listing count:":3707,"Best lister email address":"jfmulder@me.com","Average Amazon listing price:":502.23654167790755,"Average eBay listing price:":503.7120332063129,"Total Amazon listing price:":1861790.8600000034}